"","farm","address","state","region"
"1","Sucrerie de la Montagne","300, ch. St-Georges, Rigaud, Québec, J0P 1P0",NA,NA
"2","Érablière St-Henri","960, St-Henri, Sainte-Marthe, Québec, J0P 1W0",NA,NA
"3","Sucrerie Boisvert et Fils","11, Rivière-Bastican N.-E., Saint-Stanislas, Québec, G0X 3E0",NA,NA
"4","Cabane à sucre Du-Bois-é","1670, rue Louis-de-France, Trois-Rivières, Québec, G8W 2C2",NA,NA
"5","Érablière Jean Parent","1571, Rte 343 N., Saint-Ambroise-de-Kildare, Québec, J0K 1C0",NA,NA
"6","La vieille cabane d'Amélie","131A, rue du Cap, Saint-Colomban, Québec, J5K 2G6",NA,NA
"7","Sucrerie du terroir","796, ch. Fogarty, Val-des-Monts, Québec, J8N 7S9",NA,NA
"8","Érablière La Pente Douce Inc.","1549, rte 122, Notre-Dame-du-Bon-Conseil, Québec, J0C 1A0",NA,NA
"9","Sucrerie des Gallant Inc.","1160, ch. St-Henri, Très-Saint-Rédempteur, Québec, J0P 1W0",NA,NA
"10","Érablière des ponts couverts inc.","75 Chemin de la Lièvre, Saint-Aimé-du-Lac-des-Îles, Québec, J0W 1J0",NA,NA
"11","Érablière Ferme des Sources","1944, ch. Scottsmore, Dunham, Québec, J0E 1M0",NA,NA
"12","Cabane La Rose au bois","1651, rang des Continuations, Saint-Jacques, Québec, J0K 2R0",NA,NA
"13","Cabane à sucre Érabilis","4666 ch. de North-Hatley, Sherbrooke, Québec, J1N 0E5",NA,NA
"14","Domaine de l'artisan","396, ch. Hallé O., Brigham, Québec, J2K 4J5",NA,NA
"15","Cabane à sucre Côte-à-Joly","33, rang Sainte-Louise Est, Saint-Jean-de-Matha, Québec, J0K 2S0",NA,NA
"16","La Cabane du Coureur","158, rang des Soixante, Saint-Marc-sur-Richelieu, Québec, J0L 2E0",NA,NA
"17","Au Pied de l'Érable - Cabane à sucre inc","8785, rang St-Vincent, Mirabel, Québec, J7N 2W5",NA,NA
"18","L'Érablière D'Autrefois","560, montée Sainte-Marie, L'Assomption, Québec, J5W 5E4",NA,NA
"19","Cabane Osias","160, rang de la Petite Ligne, Saint-Jacques, Québec, J0K 1T0",NA,NA
"20","Le Relais des Pins Restaurant-Cabane à sucre","2013, ch. Royal, Sainte-Famille-de-l'Île-d'Orléans, Québec, G0A 3P0",NA,NA
"21","Érablière le Chemin du Roy","237, ch. du Lac, Saint-Augustin-de-Desmaures, Québec, G3A 1W7",NA,NA
"22","Cabane Leclerc","1289, 2e Rang O., Neuville, Québec, G0A 2R0",NA,NA
"23","Cabane à sucre Chabot","800, 2e Rang E., Neuville, Québec, G0A 2R0",NA,NA
"24","Érablière du Lac-Beauport / Musée des animaux du Québec","200, ch. des Lacs, Lac-Beauport, Québec, G3B 1C4",NA,NA
"25","Cabane à sucre Chez Ti-Mousse","442, côte St-Charles, Papineauville, Québec, J0V 1R0",NA,NA
"26","Le Domaine de l'Ange-Gardien","1031, ch. Pierre-Laporte, L'Ange-Gardien, Québec, J8L 0E9",NA,NA
"27","Chalet de L'Érable","20, rue de la Citadelle, Saint-Paul-d'Abbotsford, Québec, J0E 1A0",NA,NA
"28","Domaine Labranche - Cabane à sucre","565 Rang Saint-Simon, Saint-Isidore (paroisse), Québec, J0L 2A0",NA,NA
"29","Cabane à sucre Marc Besner","102, ch. du Ruisseau N., Coteau-du-Lac, Québec, J0P 1B0",NA,NA
"30","Sucrerie Lavigne","417, ch. du Petit-Brûlé, Rigaud, Québec, J0P 1P0",NA,NA
"31","Érablière au toit Rouge","133, ch. du Sous-Bois, Mont-Saint-Grégoire, Québec, J0J 1K0",NA,NA
"32","Érablière Prince","1785, 9e Rang, Saint-Wenceslas, Québec, G0Z 1J0",NA,NA
"33","Cabane à sucre Chez Ti-Père","4335, rte Caya, Drummondville, Québec, J2A 2Z8",NA,NA
"34","Cabane à sucre Chez Dany","195, rue de la Sablière, Trois-Rivières, Québec, G9B 7A9",NA,NA
"35","Les Rondins","5885, rte Arthur-Sauvé N., Mirabel, Québec, J7N 2W4",NA,NA
"36","Cabane à sucre Farsa","1050, boul. Arthur-Sauvé, Saint-Eustache, Québec, J7R 4K3",NA,NA
"37","Cabane à sucre Lalande","862, montée Laurin, Saint-Eustache, Québec, J7R 0J2",NA,NA
"38","Cabane à sucre Constantin","1054, boul. Arthur-Sauvé, Saint-Eustache, Québec, J7R 4K3",NA,NA
"39","Chalet du Ruisseau","12570, rang de la Fresnière, Mirabel, Québec, J7N 2R9",NA,NA
"40","Ô Sucre Cabane et réception champêtre","7091, montée Villeneuve, Mirabel, Québec, J7N 2H1",NA,NA
"41","Cabane à sucre Bouvrette","1000, rue Nobel, Saint-Jérôme, Québec, J7Z 7A3",NA,NA
"42","Chalet des Érables","5660, montée Gagnon, Sainte-Anne-des-Plaines, Québec, J5N 1S8",NA,NA
"43","Aux Trois Renards - Cabane à sucre Paquette","419, 5e Avenue, Sainte-Anne-des-Plaines, Québec, J5N 0H7",NA,NA
"44","Cabane à sucre D'Amours","427, 5e Avenue, Sainte-Anne-des-Plaines, Québec, J0N 1H0",NA,NA
"45","Érablière du village","7255, route Louis-S.-Saint-Laurent, Compton, Québec, J0B 1L0",NA,NA
"46","Érablière Bernard","1268, rue Denison Ouest, Granby, Québec, J2J 0L8",NA,NA
"47","Sucrerie du Rang Double","1782, rang Double, Saint-Lin—Laurentides, Québec, J5M 1X8",NA,NA
"48","Érablière Domaine du Cerf","92 Montée des Pins, Blue Sea, Québec, J0X 1C0",NA,NA
"49","Au delà de l'Érable","1220 Chemin Saint Joseph, Saint-Mathieu-du-Parc, Québec, G0X 1N0",NA,NA
"50","Érablière Ste-Marguerite","54, Chemin D'Entrelacs, Sainte-Marguerite-du-Lac-Masson, Québec, J0T 1L0",NA,NA
"51","Érablière Verger d'Émilie","360 Rang de la Montagne, Rougemont, Québec, J0L 1M0",NA,NA
"52","Le Blairfindie","1699, rue Principale, Saint-Blaise-sur-Richelieu, Québec, J0J 1W0",NA,NA
"53","La Cabane Arthur Raymond","444, ch. Avila, Piedmont, Québec, J0R 1K0",NA,NA
"54","Érablière M. S.","1443, ch. de la Lièvre S., Mont-Laurier, Québec, J9L 3G3",NA,NA
"55","Au Sentier de l'Érable","440, rang Montcalm, Sainte-Julienne, Québec, J0K 2T0",NA,NA
"56","Cabane Dupuis","1705, rang des Continuations, Saint-Jacques, Québec, J0K 2R0",NA,NA
"57","Cabane à sucre des Sportifs","400, rang Montcalm, St-Esprit, Québec, J0K 2L0",NA,NA
"58","Cabane à sucre Constantin Grégoire","184, rang des Continuations, Saint-Esprit, Québec, J0K 2L0",NA,NA
"59","Cabane à sucre Alcide Parent","1600, rte 343, Saint-Ambroise-de-Kildare, Québec, J0K 1C0",NA,NA
"60","L'Érablière du Cap","1925, ch. Lambert, Lévis, Québec, G7A 2N4",NA,NA
"61","Cabane à sucre du Père Normand","447, rte Montgomery, Saint-Sylvestre, Québec, G0S 3C0",NA,NA
"62","Érablière Réal Bruneau","830 Québec 277, Saint-Henri, Québec, G0R 3E0",NA,NA
"63","Cabane à sucre chez Aurélien Lessard","2535, 10e Rue O., Saint-Georges, Québec, G5Y 5B7",NA,NA
"64","Cabane à sucre Mégantic","3732, 10e Rang, Lac-Mégantic, Québec, G6B 2S3",NA,NA
"65","Cabane à sucre du Pic Bois","1467, chemin Gaspé, Brigham, Québec, J2K 4B4",NA,NA
"66","Érablière du Lac d'Argent","1050, ch. Carette, Dudswell, Québec, J0B 1G0",NA,NA
"67","Érablière l'Autre Versan","350, 4e Rang, Sainte-Hélène-de-Bagot, Québec, J0H 1M0",NA,NA
"68","Cabane à sucre Au milieu des champs","7000, rang St-Vincent, Mirabel, Québec, J7N 2T6",NA,NA
"69","La cabane chez Arthur","830, rue Pope (rte 108), Cookshire-Eaton, Québec, J0B 1M0",NA,NA
"70","Les Sucres chez Mickey","1245, rang Saint-Étienne N., Sainte-Marie, Québec, G6E 3A7",NA,NA
"71","Érablière au palais sucré","864, rang Chartier, Mont-Saint-Grégoire, Québec, J0J 1K0",NA,NA
"72","Aux Petits Plaisirs","63, rang des Buttes, Warwick, Québec, J0A 1M0",NA,NA
"73","Domaine du Sucrier","3400, ch. du Lac, Saint-Boniface, Québec, G0X 2L0",NA,NA
"74","Les Fendilles Sucrées","201-B, rte 158, Saint-Esprit, Québec, J0K 2L0",NA,NA
"75","Sucrerie à l'eau d'érable","7870, rang St-Vincent, Mirabel, Québec, J7N 2T6",NA,NA
"76","Cabane à Pommes - Labonté de la pomme","405, rang de l'Annonciation, Oka, Québec, J0N 1E0",NA,NA
"77","Au Bec Sucré","5677, ch. de l'Aéroport, Valcourt, Québec, J0E 2L0",NA,NA
"78","La Cabane Festive - Au Chalet en Bois Rond","325, rang St-Jacques, Sainte-Christine-d'Auvergne, Québec, G0A 1A0",NA,NA
"79","La Cabane à Tuque","370, Montée Fortier, Mont-Tremblant, Québec, J8E 2E8",NA,NA
"80","Érablière Maurice Jeannotte","200, ch. de la Savane, Saint-Marc-sur-Richelieu, Québec, J0L 2E0",NA,NA
"81","Érablière Raymond Meunier et Fils","325, rang des Cinquante-Quatre, Richelieu, Québec, J3L 6R5",NA,NA
"82","Érablière la Goudrelle","136, ch. du Sous-Bois, Mont-Saint-Grégoire, Québec, J0J 1K0",NA,NA
"83","Érablière Mont-Rouge","540, ch. du Moulin, Rougemont, Québec, J0L 1M0",NA,NA
"84","Érablière Charbonneau inc.","45, ch. du Sous-Bois, Mont-Saint-Grégoire, Québec, J0J 1K0",NA,NA
"85","Érablière Tem-Sucre","2200 Québec 101, Laniel, Québec, J0Z 2K0",NA,NA
